URL,Last crawled
https://spiritnumeral.com/111-twin-flame/111,1970-01-01
https://spiritnumeral.com/117-twin-flame/117,1970-01-01
https://spiritnumeral.com/121-twin-flame/121,1970-01-01
https://spiritnumeral.com/130-twin-flame/130,1970-01-01
https://spiritnumeral.com/131-twin-flame/131,1970-01-01
https://spiritnumeral.com/133-twin-flame/133,1970-01-01
https://spiritnumeral.com/134-twin-flame/134,1970-01-01
https://spiritnumeral.com/137-twin-flame/137,1970-01-01
https://spiritnumeral.com/139-twin-flame/139,1970-01-01
https://spiritnumeral.com/149-twin-flame/149,1970-01-01
https://spiritnumeral.com/150-twin-flame/150,1970-01-01
https://spiritnumeral.com/152-twin-flame/152,1970-01-01
https://spiritnumeral.com/154-twin-flame/154,1970-01-01
https://spiritnumeral.com/156-twin-flame/156,1970-01-01
https://spiritnumeral.com/157-twin-flame/157,1970-01-01
https://spiritnumeral.com/166-twin-flame/166,1970-01-01
https://spiritnumeral.com/168-twin-flame/168,1970-01-01
https://spiritnumeral.com/170-twin-flame/170,1970-01-01
https://spiritnumeral.com/180-twin-flame/180,1970-01-01
https://spiritnumeral.com/183-twin-flame/183,1970-01-01
https://spiritnumeral.com/184-twin-flame/184,1970-01-01
https://spiritnumeral.com/186-twin-flame/186,1970-01-01
https://spiritnumeral.com/191-twin-flame/191,1970-01-01
https://spiritnumeral.com/193-twin-flame/193,1970-01-01
https://spiritnumeral.com/197-twin-flame/197,1970-01-01
https://spiritnumeral.com/199-twin-flame/199,1970-01-01
https://spiritnumeral.com/200-twin-flame/200,1970-01-01
https://spiritnumeral.com/214-twin-flame/214,1970-01-01
https://spiritnumeral.com/222-twin-flame/222,1970-01-01
https://spiritnumeral.com/228-twin-flame/228,1970-01-01
https://spiritnumeral.com/235-twin-flame/235,1970-01-01
https://spiritnumeral.com/238-twin-flame/238,1970-01-01
https://spiritnumeral.com/239-twin-flame/239,1970-01-01
https://spiritnumeral.com/241-twin-flame/241,1970-01-01
https://spiritnumeral.com/251-twin-flame/251,1970-01-01
https://spiritnumeral.com/258-twin-flame/258,1970-01-01
https://spiritnumeral.com/265-twin-flame/265,1970-01-01
https://spiritnumeral.com/268-twin-flame/268,1970-01-01
https://spiritnumeral.com/275-twin-flame/275,1970-01-01
https://spiritnumeral.com/278-twin-flame/278,1970-01-01
https://spiritnumeral.com/280-twin-flame/280,1970-01-01
https://spiritnumeral.com/281-twin-flame/281,1970-01-01
https://spiritnumeral.com/287-twin-flame/287,1970-01-01
https://spiritnumeral.com/290-twin-flame/290,1970-01-01
https://spiritnumeral.com/293-twin-flame/293,1970-01-01
https://spiritnumeral.com/300-twin-flame/300,1970-01-01
https://spiritnumeral.com/303-twin-flame/303,1970-01-01
https://spiritnumeral.com/309-twin-flame/309,1970-01-01
https://spiritnumeral.com/317-twin-flame/317,1970-01-01
https://spiritnumeral.com/322-twin-flame/322,1970-01-01
https://spiritnumeral.com/327-twin-flame/327,1970-01-01
https://spiritnumeral.com/331-twin-flame/331,1970-01-01
https://spiritnumeral.com/332-twin-flame/332,1970-01-01
https://spiritnumeral.com/334-twin-flame/334,1970-01-01
https://spiritnumeral.com/342-twin-flame/342,1970-01-01
https://spiritnumeral.com/345-twin-flame/345,1970-01-01
https://spiritnumeral.com/348-twin-flame/348,1970-01-01
https://spiritnumeral.com/349-twin-flame/349,1970-01-01
https://spiritnumeral.com/350-twin-flame/350,1970-01-01
https://spiritnumeral.com/351-twin-flame/351,1970-01-01
https://spiritnumeral.com/352-twin-flame/352,1970-01-01
https://spiritnumeral.com/361-twin-flame/361,1970-01-01
https://spiritnumeral.com/373-twin-flame/373,1970-01-01
https://spiritnumeral.com/374-twin-flame/374,1970-01-01
https://spiritnumeral.com/389-twin-flame/389,1970-01-01
https://spiritnumeral.com/394-twin-flame/394,1970-01-01
https://spiritnumeral.com/395-twin-flame/395,1970-01-01
https://spiritnumeral.com/396-twin-flame/396,1970-01-01
https://spiritnumeral.com/402-twin-flame/402,1970-01-01
https://spiritnumeral.com/405-twin-flame/405,1970-01-01
https://spiritnumeral.com/414-twin-flame/414,1970-01-01
https://spiritnumeral.com/422-twin-flame/422,1970-01-01
https://spiritnumeral.com/423-twin-flame/423,1970-01-01
https://spiritnumeral.com/426-twin-flame/426,1970-01-01
https://spiritnumeral.com/436-twin-flame/436,1970-01-01
https://spiritnumeral.com/437-twin-flame/437,1970-01-01
https://spiritnumeral.com/439-twin-flame/439,1970-01-01
https://spiritnumeral.com/442-twin-flame/442,1970-01-01
https://spiritnumeral.com/445-twin-flame/445,1970-01-01
https://spiritnumeral.com/462-twin-flame/462,1970-01-01
https://spiritnumeral.com/470-twin-flame/470,1970-01-01
https://spiritnumeral.com/475-twin-flame/475,1970-01-01
https://spiritnumeral.com/476-twin-flame/476,1970-01-01
https://spiritnumeral.com/478-twin-flame/478,1970-01-01
https://spiritnumeral.com/481-twin-flame/481,1970-01-01
https://spiritnumeral.com/482-twin-flame/482,1970-01-01
https://spiritnumeral.com/485-twin-flame/485,1970-01-01
https://spiritnumeral.com/488-twin-flame/488,1970-01-01
https://spiritnumeral.com/489-twin-flame/489,1970-01-01
https://spiritnumeral.com/493-twin-flame/493,1970-01-01
https://spiritnumeral.com/494-twin-flame/494,1970-01-01
https://spiritnumeral.com/496-twin-flame/496,1970-01-01
https://spiritnumeral.com/498-twin-flame/498,1970-01-01
https://spiritnumeral.com/501-twin-flame/501,1970-01-01
https://spiritnumeral.com/502-twin-flame/502,1970-01-01
https://spiritnumeral.com/503-twin-flame/503,1970-01-01
https://spiritnumeral.com/504-twin-flame/504,1970-01-01
https://spiritnumeral.com/506-twin-flame/506,1970-01-01
https://spiritnumeral.com/515-twin-flame/515,1970-01-01
https://spiritnumeral.com/524-twin-flame/524,1970-01-01
https://spiritnumeral.com/525-twin-flame/525,1970-01-01
https://spiritnumeral.com/538-twin-flame/538,1970-01-01
https://spiritnumeral.com/546-twin-flame/546,1970-01-01
https://spiritnumeral.com/547-twin-flame/547,1970-01-01
https://spiritnumeral.com/550-twin-flame/550,1970-01-01
https://spiritnumeral.com/560-twin-flame/560,1970-01-01
https://spiritnumeral.com/561-twin-flame/561,1970-01-01
https://spiritnumeral.com/565-twin-flame/565,1970-01-01
https://spiritnumeral.com/568-twin-flame/568,1970-01-01
https://spiritnumeral.com/576-twin-flame/576,1970-01-01
https://spiritnumeral.com/579-twin-flame/579,1970-01-01
https://spiritnumeral.com/580-twin-flame/580,1970-01-01
https://spiritnumeral.com/583-twin-flame/583,1970-01-01
https://spiritnumeral.com/586-twin-flame/586,1970-01-01
https://spiritnumeral.com/588-twin-flame/588,1970-01-01
https://spiritnumeral.com/589-twin-flame/589,1970-01-01
https://spiritnumeral.com/594-twin-flame/594,1970-01-01
https://spiritnumeral.com/601-twin-flame/601,1970-01-01
https://spiritnumeral.com/602-twin-flame/602,1970-01-01
https://spiritnumeral.com/605-twin-flame/605,1970-01-01
https://spiritnumeral.com/607-twin-flame/607,1970-01-01
https://spiritnumeral.com/610-twin-flame/610,1970-01-01
https://spiritnumeral.com/612-twin-flame/612,1970-01-01
https://spiritnumeral.com/613-twin-flame/613,1970-01-01
https://spiritnumeral.com/616-twin-flame/616,1970-01-01
https://spiritnumeral.com/617-twin-flame/617,1970-01-01
https://spiritnumeral.com/619-twin-flame/619,1970-01-01
https://spiritnumeral.com/626-twin-flame/626,1970-01-01
https://spiritnumeral.com/633-twin-flame/633,1970-01-01
https://spiritnumeral.com/641-twin-flame/641,1970-01-01
https://spiritnumeral.com/647-twin-flame/647,1970-01-01
https://spiritnumeral.com/650-twin-flame/650,1970-01-01
https://spiritnumeral.com/664-twin-flame/664,1970-01-01
https://spiritnumeral.com/669-twin-flame/669,1970-01-01
https://spiritnumeral.com/670-twin-flame/670,1970-01-01
https://spiritnumeral.com/676-twin-flame/676,1970-01-01
https://spiritnumeral.com/677-twin-flame/677,1970-01-01
https://spiritnumeral.com/678-twin-flame/678,1970-01-01
https://spiritnumeral.com/681-twin-flame/681,1970-01-01
https://spiritnumeral.com/683-twin-flame/683,1970-01-01
https://spiritnumeral.com/685-twin-flame/685,1970-01-01
https://spiritnumeral.com/687-twin-flame/687,1970-01-01
https://spiritnumeral.com/689-twin-flame/689,1970-01-01
https://spiritnumeral.com/694-twin-flame/694,1970-01-01
https://spiritnumeral.com/695-twin-flame/695,1970-01-01
https://spiritnumeral.com/698-twin-flame/698,1970-01-01
https://spiritnumeral.com/702-twin-flame/702,1970-01-01
https://spiritnumeral.com/704-twin-flame/704,1970-01-01
https://spiritnumeral.com/714-twin-flame/714,1970-01-01
https://spiritnumeral.com/715-twin-flame/715,1970-01-01
https://spiritnumeral.com/717-twin-flame/717,1970-01-01
https://spiritnumeral.com/720-twin-flame/720,1970-01-01
https://spiritnumeral.com/721-twin-flame/721,1970-01-01
https://spiritnumeral.com/724-twin-flame/724,1970-01-01
https://spiritnumeral.com/726-twin-flame/726,1970-01-01
https://spiritnumeral.com/733-twin-flame/733,1970-01-01
https://spiritnumeral.com/734-twin-flame/734,1970-01-01
https://spiritnumeral.com/742-twin-flame/742,1970-01-01
https://spiritnumeral.com/743-twin-flame/743,1970-01-01
https://spiritnumeral.com/744-twin-flame/744,1970-01-01
https://spiritnumeral.com/752-twin-flame/752,1970-01-01
https://spiritnumeral.com/753-twin-flame/753,1970-01-01
https://spiritnumeral.com/754-twin-flame/754,1970-01-01
https://spiritnumeral.com/755-twin-flame/755,1970-01-01
https://spiritnumeral.com/759-twin-flame/759,1970-01-01
https://spiritnumeral.com/760-twin-flame/760,1970-01-01
https://spiritnumeral.com/763-twin-flame/763,1970-01-01
https://spiritnumeral.com/764-twin-flame/764,1970-01-01
https://spiritnumeral.com/765-twin-flame/765,1970-01-01
https://spiritnumeral.com/766-twin-flame/766,1970-01-01
https://spiritnumeral.com/770-twin-flame/770,1970-01-01
https://spiritnumeral.com/772-twin-flame/772,1970-01-01
https://spiritnumeral.com/774-twin-flame/774,1970-01-01
https://spiritnumeral.com/779-twin-flame/779,1970-01-01
https://spiritnumeral.com/781-twin-flame/781,1970-01-01
https://spiritnumeral.com/782-twin-flame/782,1970-01-01
https://spiritnumeral.com/785-twin-flame/785,1970-01-01
https://spiritnumeral.com/787-twin-flame/787,1970-01-01
https://spiritnumeral.com/788-twin-flame/788,1970-01-01
https://spiritnumeral.com/791-twin-flame/791,1970-01-01
https://spiritnumeral.com/792-twin-flame/792,1970-01-01
https://spiritnumeral.com/795-twin-flame/795,1970-01-01
https://spiritnumeral.com/808-twin-flame/808,1970-01-01
https://spiritnumeral.com/814-twin-flame/814,1970-01-01
https://spiritnumeral.com/820-twin-flame/820,1970-01-01
https://spiritnumeral.com/828-twin-flame/828,1970-01-01
https://spiritnumeral.com/835-twin-flame/835,1970-01-01
https://spiritnumeral.com/839-twin-flame/839,1970-01-01
https://spiritnumeral.com/842-twin-flame/842,1970-01-01
https://spiritnumeral.com/855-twin-flame/855,1970-01-01
https://spiritnumeral.com/856-twin-flame/856,1970-01-01
https://spiritnumeral.com/857-twin-flame/857,1970-01-01
https://spiritnumeral.com/860-twin-flame/860,1970-01-01
https://spiritnumeral.com/867-twin-flame/867,1970-01-01
https://spiritnumeral.com/869-twin-flame/869,1970-01-01
https://spiritnumeral.com/877-twin-flame/877,1970-01-01
https://spiritnumeral.com/879-twin-flame/879,1970-01-01
https://spiritnumeral.com/881-twin-flame/881,1970-01-01
https://spiritnumeral.com/888-twin-flame/888,1970-01-01
https://spiritnumeral.com/891-twin-flame/891,1970-01-01
https://spiritnumeral.com/893-twin-flame/893,1970-01-01
https://spiritnumeral.com/896-twin-flame/896,1970-01-01
https://spiritnumeral.com/898-twin-flame/898,1970-01-01
https://spiritnumeral.com/899-twin-flame/899,1970-01-01
https://spiritnumeral.com/900-twin-flame/900,1970-01-01
https://spiritnumeral.com/902-twin-flame/902,1970-01-01
https://spiritnumeral.com/905-twin-flame/905,1970-01-01
https://spiritnumeral.com/906-twin-flame/906,1970-01-01
https://spiritnumeral.com/908-twin-flame/908,1970-01-01
https://spiritnumeral.com/911-twin-flame/911,1970-01-01
https://spiritnumeral.com/915-twin-flame/915,1970-01-01
https://spiritnumeral.com/917-twin-flame/917,1970-01-01
https://spiritnumeral.com/928-twin-flame/928,1970-01-01
https://spiritnumeral.com/929-twin-flame/929,1970-01-01
https://spiritnumeral.com/930-twin-flame/930,1970-01-01
https://spiritnumeral.com/933-twin-flame/933,1970-01-01
https://spiritnumeral.com/934-twin-flame/934,1970-01-01
https://spiritnumeral.com/942-twin-flame/942,1970-01-01
https://spiritnumeral.com/946-twin-flame/946,1970-01-01
https://spiritnumeral.com/948-twin-flame/948,1970-01-01
https://spiritnumeral.com/955-twin-flame/955,1970-01-01
https://spiritnumeral.com/959-twin-flame/959,1970-01-01
https://spiritnumeral.com/962-twin-flame/962,1970-01-01
https://spiritnumeral.com/963-twin-flame/963,1970-01-01
https://spiritnumeral.com/967-twin-flame/967,1970-01-01
https://spiritnumeral.com/973-twin-flame/973,1970-01-01
https://spiritnumeral.com/976-twin-flame/976,1970-01-01
https://spiritnumeral.com/982-twin-flame/982,1970-01-01
https://spiritnumeral.com/983-twin-flame/983,1970-01-01
https://spiritnumeral.com/989-twin-flame/989,1970-01-01
https://spiritnumeral.com/991-twin-flame/991,1970-01-01
https://spiritnumeral.com/996-twin-flame/996,1970-01-01
https://spiritnumeral.com/997-twin-flame/997,1970-01-01
https://spiritnumeral.com/999-twin-flame/999,1970-01-01
https://spiritnumeral.com/is-111-a-warning/111,1970-01-01
https://spiritnumeral.com/is-118-a-warning/118,1970-01-01
https://spiritnumeral.com/is-119-a-warning/119,1970-01-01
https://spiritnumeral.com/is-120-a-warning/120,1970-01-01
https://spiritnumeral.com/is-122-a-warning/122,1970-01-01
https://spiritnumeral.com/is-125-a-warning/125,1970-01-01
https://spiritnumeral.com/is-129-a-warning/129,1970-01-01
https://spiritnumeral.com/is-131-a-warning/131,1970-01-01
https://spiritnumeral.com/is-134-a-warning/134,1970-01-01
https://spiritnumeral.com/is-136-a-warning/136,1970-01-01
https://spiritnumeral.com/is-144-a-warning/144,1970-01-01
https://spiritnumeral.com/is-145-a-warning/145,1970-01-01
https://spiritnumeral.com/is-148-a-warning/148,1970-01-01
https://spiritnumeral.com/is-149-a-warning/149,1970-01-01
https://spiritnumeral.com/is-153-a-warning/153,1970-01-01
https://spiritnumeral.com/is-158-a-warning/158,1970-01-01
https://spiritnumeral.com/is-171-a-warning/171,1970-01-01
https://spiritnumeral.com/is-172-a-warning/172,1970-01-01
https://spiritnumeral.com/is-178-a-warning/178,1970-01-01
https://spiritnumeral.com/is-187-a-warning/187,1970-01-01
https://spiritnumeral.com/is-189-a-warning/189,1970-01-01
https://spiritnumeral.com/is-191-a-warning/191,1970-01-01
https://spiritnumeral.com/is-196-a-warning/196,1970-01-01
https://spiritnumeral.com/is-200-a-warning/200,1970-01-01
https://spiritnumeral.com/is-201-a-warning/201,1970-01-01
https://spiritnumeral.com/is-207-a-warning/207,1970-01-01
https://spiritnumeral.com/is-209-a-warning/209,1970-01-01
https://spiritnumeral.com/is-210-a-warning/210,1970-01-01
https://spiritnumeral.com/is-214-a-warning/214,1970-01-01
https://spiritnumeral.com/is-216-a-warning/216,1970-01-01
https://spiritnumeral.com/is-217-a-warning/217,1970-01-01
https://spiritnumeral.com/is-221-a-warning/221,1970-01-01
https://spiritnumeral.com/is-223-a-warning/223,1970-01-01
https://spiritnumeral.com/is-224-a-warning/224,1970-01-01
https://spiritnumeral.com/is-230-a-warning/230,1970-01-01
https://spiritnumeral.com/is-233-a-warning/233,1970-01-01
https://spiritnumeral.com/is-238-a-warning/238,1970-01-01
https://spiritnumeral.com/is-241-a-warning/241,1970-01-01
https://spiritnumeral.com/is-242-a-warning/242,1970-01-01
https://spiritnumeral.com/is-255-a-warning/255,1970-01-01
https://spiritnumeral.com/is-257-a-warning/257,1970-01-01
https://spiritnumeral.com/is-258-a-warning/258,1970-01-01
https://spiritnumeral.com/is-260-a-warning/260,1970-01-01
https://spiritnumeral.com/is-261-a-warning/261,1970-01-01
https://spiritnumeral.com/is-262-a-warning/262,1970-01-01
https://spiritnumeral.com/is-264-a-warning/264,1970-01-01
https://spiritnumeral.com/is-272-a-warning/272,1970-01-01
https://spiritnumeral.com/is-279-a-warning/279,1970-01-01
https://spiritnumeral.com/is-286-a-warning/286,1970-01-01
https://spiritnumeral.com/is-287-a-warning/287,1970-01-01
https://spiritnumeral.com/is-297-a-warning/297,1970-01-01
https://spiritnumeral.com/is-301-a-warning/301,1970-01-01
https://spiritnumeral.com/is-302-a-warning/302,1970-01-01
https://spiritnumeral.com/is-305-a-warning/305,1970-01-01
https://spiritnumeral.com/is-306-a-warning/306,1970-01-01
https://spiritnumeral.com/is-312-a-warning/312,1970-01-01
https://spiritnumeral.com/is-318-a-warning/318,1970-01-01
https://spiritnumeral.com/is-326-a-warning/326,1970-01-01
https://spiritnumeral.com/is-335-a-warning/335,1970-01-01
https://spiritnumeral.com/is-336-a-warning/336,1970-01-01
https://spiritnumeral.com/is-337-a-warning/337,1970-01-01
https://spiritnumeral.com/is-338-a-warning/338,1970-01-01
https://spiritnumeral.com/is-340-a-warning/340,1970-01-01
https://spiritnumeral.com/is-346-a-warning/346,1970-01-01
https://spiritnumeral.com/is-364-a-warning/364,1970-01-01
https://spiritnumeral.com/is-371-a-warning/371,1970-01-01
https://spiritnumeral.com/is-373-a-warning/373,1970-01-01
https://spiritnumeral.com/is-380-a-warning/380,1970-01-01
https://spiritnumeral.com/is-404-a-warning/404,1970-01-01
https://spiritnumeral.com/is-412-a-warning/412,1970-01-01
https://spiritnumeral.com/is-420-a-warning/420,1970-01-01
https://spiritnumeral.com/is-421-a-warning/421,1970-01-01
https://spiritnumeral.com/is-431-a-warning/431,1970-01-01
https://spiritnumeral.com/is-435-a-warning/435,1970-01-01
https://spiritnumeral.com/is-442-a-warning/442,1970-01-01
https://spiritnumeral.com/is-449-a-warning/449,1970-01-01
https://spiritnumeral.com/is-457-a-warning/457,1970-01-01
https://spiritnumeral.com/is-460-a-warning/460,1970-01-01
https://spiritnumeral.com/is-461-a-warning/461,1970-01-01
https://spiritnumeral.com/is-471-a-warning/471,1970-01-01
https://spiritnumeral.com/is-475-a-warning/475,1970-01-01
https://spiritnumeral.com/is-477-a-warning/477,1970-01-01
https://spiritnumeral.com/is-479-a-warning/479,1970-01-01
https://spiritnumeral.com/is-483-a-warning/483,1970-01-01
https://spiritnumeral.com/is-488-a-warning/488,1970-01-01
https://spiritnumeral.com/is-489-a-warning/489,1970-01-01
https://spiritnumeral.com/is-492-a-warning/492,1970-01-01
https://spiritnumeral.com/is-494-a-warning/494,1970-01-01
https://spiritnumeral.com/is-495-a-warning/495,1970-01-01
https://spiritnumeral.com/is-498-a-warning/498,1970-01-01
https://spiritnumeral.com/is-502-a-warning/502,1970-01-01
https://spiritnumeral.com/is-503-a-warning/503,1970-01-01
https://spiritnumeral.com/is-505-a-warning/505,1970-01-01
https://spiritnumeral.com/is-509-a-warning/509,1970-01-01
https://spiritnumeral.com/is-511-a-warning/511,1970-01-01
https://spiritnumeral.com/is-515-a-warning/515,1970-01-01
https://spiritnumeral.com/is-517-a-warning/517,1970-01-01
https://spiritnumeral.com/is-520-a-warning/520,1970-01-01
https://spiritnumeral.com/is-524-a-warning/524,1970-01-01
https://spiritnumeral.com/is-525-a-warning/525,1970-01-01
https://spiritnumeral.com/is-533-a-warning/533,1970-01-01
https://spiritnumeral.com/is-535-a-warning/535,1970-01-01
https://spiritnumeral.com/is-537-a-warning/537,1970-01-01
https://spiritnumeral.com/is-544-a-warning/544,1970-01-01
https://spiritnumeral.com/is-549-a-warning/549,1970-01-01
https://spiritnumeral.com/is-552-a-warning/552,1970-01-01
https://spiritnumeral.com/is-555-a-warning/555,1970-01-01
https://spiritnumeral.com/is-558-a-warning/558,1970-01-01
https://spiritnumeral.com/is-565-a-warning/565,1970-01-01
https://spiritnumeral.com/is-566-a-warning/566,1970-01-01
https://spiritnumeral.com/is-567-a-warning/567,1970-01-01
https://spiritnumeral.com/is-582-a-warning/582,1970-01-01
https://spiritnumeral.com/is-598-a-warning/598,1970-01-01
https://spiritnumeral.com/is-599-a-warning/599,1970-01-01
https://spiritnumeral.com/is-606-a-warning/606,1970-01-01
https://spiritnumeral.com/is-608-a-warning/608,1970-01-01
https://spiritnumeral.com/is-613-a-warning/613,1970-01-01
https://spiritnumeral.com/is-616-a-warning/616,1970-01-01
https://spiritnumeral.com/is-624-a-warning/624,1970-01-01
https://spiritnumeral.com/is-630-a-warning/630,1970-01-01
https://spiritnumeral.com/is-631-a-warning/631,1970-01-01
https://spiritnumeral.com/is-632-a-warning/632,1970-01-01
https://spiritnumeral.com/is-634-a-warning/634,1970-01-01
https://spiritnumeral.com/is-641-a-warning/641,1970-01-01
https://spiritnumeral.com/is-646-a-warning/646,1970-01-01
https://spiritnumeral.com/is-648-a-warning/648,1970-01-01
https://spiritnumeral.com/is-651-a-warning/651,1970-01-01
https://spiritnumeral.com/is-653-a-warning/653,1970-01-01
https://spiritnumeral.com/is-654-a-warning/654,1970-01-01
https://spiritnumeral.com/is-661-a-warning/661,1970-01-01
https://spiritnumeral.com/is-673-a-warning/673,1970-01-01
https://spiritnumeral.com/is-680-a-warning/680,1970-01-01
https://spiritnumeral.com/is-683-a-warning/683,1970-01-01
https://spiritnumeral.com/is-687-a-warning/687,1970-01-01
https://spiritnumeral.com/is-689-a-warning/689,1970-01-01
https://spiritnumeral.com/is-690-a-warning/690,1970-01-01
https://spiritnumeral.com/is-693-a-warning/693,1970-01-01
https://spiritnumeral.com/is-698-a-warning/698,1970-01-01
https://spiritnumeral.com/is-700-a-warning/700,1970-01-01
https://spiritnumeral.com/is-703-a-warning/703,1970-01-01
https://spiritnumeral.com/is-707-a-warning/707,1970-01-01
https://spiritnumeral.com/is-708-a-warning/708,1970-01-01
https://spiritnumeral.com/is-709-a-warning/709,1970-01-01
https://spiritnumeral.com/is-712-a-warning/712,1970-01-01
https://spiritnumeral.com/is-729-a-warning/729,1970-01-01
https://spiritnumeral.com/is-737-a-warning/737,1970-01-01
https://spiritnumeral.com/is-742-a-warning/742,1970-01-01
https://spiritnumeral.com/is-744-a-warning/744,1970-01-01
https://spiritnumeral.com/is-745-a-warning/745,1970-01-01
https://spiritnumeral.com/is-749-a-warning/749,1970-01-01
https://spiritnumeral.com/is-751-a-warning/751,1970-01-01
https://spiritnumeral.com/is-756-a-warning/756,1970-01-01
https://spiritnumeral.com/is-757-a-warning/757,1970-01-01
https://spiritnumeral.com/is-759-a-warning/759,1970-01-01
https://spiritnumeral.com/is-767-a-warning/767,1970-01-01
https://spiritnumeral.com/is-782-a-warning/782,1970-01-01
https://spiritnumeral.com/is-794-a-warning/794,1970-01-01
https://spiritnumeral.com/is-797-a-warning/797,1970-01-01
https://spiritnumeral.com/is-803-a-warning/803,1970-01-01
https://spiritnumeral.com/is-804-a-warning/804,1970-01-01
https://spiritnumeral.com/is-805-a-warning/805,1970-01-01
https://spiritnumeral.com/is-821-a-warning/821,1970-01-01
https://spiritnumeral.com/is-830-a-warning/830,1970-01-01
https://spiritnumeral.com/is-832-a-warning/832,1970-01-01
https://spiritnumeral.com/is-834-a-warning/834,1970-01-01
https://spiritnumeral.com/is-835-a-warning/835,1970-01-01
https://spiritnumeral.com/is-838-a-warning/838,1970-01-01
https://spiritnumeral.com/is-839-a-warning/839,1970-01-01
https://spiritnumeral.com/is-846-a-warning/846,1970-01-01
https://spiritnumeral.com/is-852-a-warning/852,1970-01-01
https://spiritnumeral.com/is-864-a-warning/864,1970-01-01
https://spiritnumeral.com/is-866-a-warning/866,1970-01-01
https://spiritnumeral.com/is-869-a-warning/869,1970-01-01
https://spiritnumeral.com/is-871-a-warning/871,1970-01-01
https://spiritnumeral.com/is-879-a-warning/879,1970-01-01
https://spiritnumeral.com/is-881-a-warning/881,1970-01-01
https://spiritnumeral.com/is-887-a-warning/887,1970-01-01
https://spiritnumeral.com/is-889-a-warning/889,1970-01-01
https://spiritnumeral.com/is-894-a-warning/894,1970-01-01
https://spiritnumeral.com/is-895-a-warning/895,1970-01-01
https://spiritnumeral.com/is-904-a-warning/904,1970-01-01
https://spiritnumeral.com/is-907-a-warning/907,1970-01-01
https://spiritnumeral.com/is-909-a-warning/909,1970-01-01
https://spiritnumeral.com/is-920-a-warning/920,1970-01-01
https://spiritnumeral.com/is-924-a-warning/924,1970-01-01
https://spiritnumeral.com/is-931-a-warning/931,1970-01-01
https://spiritnumeral.com/is-932-a-warning/932,1970-01-01
https://spiritnumeral.com/is-940-a-warning/940,1970-01-01
https://spiritnumeral.com/is-941-a-warning/941,1970-01-01
https://spiritnumeral.com/is-944-a-warning/944,1970-01-01
https://spiritnumeral.com/is-947-a-warning/947,1970-01-01
https://spiritnumeral.com/is-955-a-warning/955,1970-01-01
https://spiritnumeral.com/is-959-a-warning/959,1970-01-01
https://spiritnumeral.com/is-960-a-warning/960,1970-01-01
https://spiritnumeral.com/is-966-a-warning/966,1970-01-01
https://spiritnumeral.com/is-967-a-warning/967,1970-01-01
https://spiritnumeral.com/is-969-a-warning/969,1970-01-01
https://spiritnumeral.com/is-970-a-warning/970,1970-01-01
https://spiritnumeral.com/is-973-a-warning/973,1970-01-01
https://spiritnumeral.com/is-976-a-warning/976,1970-01-01
https://spiritnumeral.com/is-980-a-warning/980,1970-01-01
https://spiritnumeral.com/is-989-a-warning/989,1970-01-01
https://spiritnumeral.com/is-994-a-warning/994,1970-01-01
https://spiritnumeral.com/is-998-a-warning/998,1970-01-01
https://spiritnumeral.com/meaning/angel-number/115,1970-01-01
https://spiritnumeral.com/meaning/angel-number/116,1970-01-01
https://spiritnumeral.com/meaning/angel-number/117,1970-01-01
https://spiritnumeral.com/meaning/angel-number/122,1970-01-01
https://spiritnumeral.com/meaning/angel-number/126,1970-01-01
https://spiritnumeral.com/meaning/angel-number/128,1970-01-01
https://spiritnumeral.com/meaning/angel-number/130,1970-01-01
https://spiritnumeral.com/meaning/angel-number/131,1970-01-01
https://spiritnumeral.com/meaning/angel-number/132,1970-01-01
https://spiritnumeral.com/meaning/angel-number/133,1970-01-01
https://spiritnumeral.com/meaning/angel-number/135,1970-01-01
https://spiritnumeral.com/meaning/angel-number/137,1970-01-01
https://spiritnumeral.com/meaning/angel-number/139,1970-01-01
https://spiritnumeral.com/meaning/angel-number/142,1970-01-01
https://spiritnumeral.com/meaning/angel-number/143,1970-01-01
https://spiritnumeral.com/meaning/angel-number/150,1970-01-01
https://spiritnumeral.com/meaning/angel-number/151,1970-01-01
https://spiritnumeral.com/meaning/angel-number/153,1970-01-01
https://spiritnumeral.com/meaning/angel-number/156,1970-01-01
https://spiritnumeral.com/meaning/angel-number/158,1970-01-01
https://spiritnumeral.com/meaning/angel-number/161,1970-01-01
https://spiritnumeral.com/meaning/angel-number/163,1970-01-01
https://spiritnumeral.com/meaning/angel-number/164,1970-01-01
https://spiritnumeral.com/meaning/angel-number/168,1970-01-01
https://spiritnumeral.com/meaning/angel-number/171,1970-01-01
https://spiritnumeral.com/meaning/angel-number/173,1970-01-01
https://spiritnumeral.com/meaning/angel-number/178,1970-01-01
https://spiritnumeral.com/meaning/angel-number/179,1970-01-01
https://spiritnumeral.com/meaning/angel-number/181,1970-01-01
https://spiritnumeral.com/meaning/angel-number/190,1970-01-01
https://spiritnumeral.com/meaning/angel-number/191,1970-01-01
https://spiritnumeral.com/meaning/angel-number/193,1970-01-01
https://spiritnumeral.com/meaning/angel-number/194,1970-01-01
https://spiritnumeral.com/meaning/angel-number/196,1970-01-01
https://spiritnumeral.com/meaning/angel-number/198,1970-01-01
https://spiritnumeral.com/meaning/angel-number/206,1970-01-01
https://spiritnumeral.com/meaning/angel-number/207,1970-01-01
https://spiritnumeral.com/meaning/angel-number/208,1970-01-01
https://spiritnumeral.com/meaning/angel-number/209,1970-01-01
https://spiritnumeral.com/meaning/angel-number/210,1970-01-01
https://spiritnumeral.com/meaning/angel-number/211,1970-01-01
https://spiritnumeral.com/meaning/angel-number/212,1970-01-01
https://spiritnumeral.com/meaning/angel-number/214,1970-01-01
https://spiritnumeral.com/meaning/angel-number/215,1970-01-01
https://spiritnumeral.com/meaning/angel-number/216,1970-01-01
https://spiritnumeral.com/meaning/angel-number/218,1970-01-01
https://spiritnumeral.com/meaning/angel-number/219,1970-01-01
https://spiritnumeral.com/meaning/angel-number/220,1970-01-01
https://spiritnumeral.com/meaning/angel-number/226,1970-01-01
https://spiritnumeral.com/meaning/angel-number/227,1970-01-01
https://spiritnumeral.com/meaning/angel-number/228,1970-01-01
https://spiritnumeral.com/meaning/angel-number/232,1970-01-01
https://spiritnumeral.com/meaning/angel-number/234,1970-01-01
https://spiritnumeral.com/meaning/angel-number/235,1970-01-01
https://spiritnumeral.com/meaning/angel-number/237,1970-01-01
https://spiritnumeral.com/meaning/angel-number/241,1970-01-01
https://spiritnumeral.com/meaning/angel-number/247,1970-01-01
https://spiritnumeral.com/meaning/angel-number/249,1970-01-01
https://spiritnumeral.com/meaning/angel-number/251,1970-01-01
https://spiritnumeral.com/meaning/angel-number/255,1970-01-01
https://spiritnumeral.com/meaning/angel-number/263,1970-01-01
https://spiritnumeral.com/meaning/angel-number/264,1970-01-01
https://spiritnumeral.com/meaning/angel-number/271,1970-01-01
https://spiritnumeral.com/meaning/angel-number/272,1970-01-01
https://spiritnumeral.com/meaning/angel-number/277,1970-01-01
https://spiritnumeral.com/meaning/angel-number/279,1970-01-01
https://spiritnumeral.com/meaning/angel-number/280,1970-01-01
https://spiritnumeral.com/meaning/angel-number/283,1970-01-01
https://spiritnumeral.com/meaning/angel-number/285,1970-01-01
https://spiritnumeral.com/meaning/angel-number/290,1970-01-01
https://spiritnumeral.com/meaning/angel-number/294,1970-01-01
https://spiritnumeral.com/meaning/angel-number/296,1970-01-01
https://spiritnumeral.com/meaning/angel-number/297,1970-01-01
https://spiritnumeral.com/meaning/angel-number/298,1970-01-01
https://spiritnumeral.com/meaning/angel-number/303,1970-01-01
https://spiritnumeral.com/meaning/angel-number/306,1970-01-01
https://spiritnumeral.com/meaning/angel-number/309,1970-01-01
https://spiritnumeral.com/meaning/angel-number/315,1970-01-01
https://spiritnumeral.com/meaning/angel-number/318,1970-01-01
https://spiritnumeral.com/meaning/angel-number/320,1970-01-01
https://spiritnumeral.com/meaning/angel-number/323,1970-01-01
https://spiritnumeral.com/meaning/angel-number/327,1970-01-01
https://spiritnumeral.com/meaning/angel-number/329,1970-01-01
https://spiritnumeral.com/meaning/angel-number/335,1970-01-01
https://spiritnumeral.com/meaning/angel-number/338,1970-01-01
https://spiritnumeral.com/meaning/angel-number/341,1970-01-01
https://spiritnumeral.com/meaning/angel-number/347,1970-01-01
https://spiritnumeral.com/meaning/angel-number/350,1970-01-01
https://spiritnumeral.com/meaning/angel-number/351,1970-01-01
https://spiritnumeral.com/meaning/angel-number/352,1970-01-01
https://spiritnumeral.com/meaning/angel-number/354,1970-01-01
https://spiritnumeral.com/meaning/angel-number/355,1970-01-01
https://spiritnumeral.com/meaning/angel-number/356,1970-01-01
https://spiritnumeral.com/meaning/angel-number/358,1970-01-01
https://spiritnumeral.com/meaning/angel-number/359,1970-01-01
https://spiritnumeral.com/meaning/angel-number/360,1970-01-01
https://spiritnumeral.com/meaning/angel-number/361,1970-01-01
https://spiritnumeral.com/meaning/angel-number/362,1970-01-01
https://spiritnumeral.com/meaning/angel-number/365,1970-01-01
https://spiritnumeral.com/meaning/angel-number/369,1970-01-01
https://spiritnumeral.com/meaning/angel-number/372,1970-01-01
https://spiritnumeral.com/meaning/angel-number/373,1970-01-01
https://spiritnumeral.com/meaning/angel-number/374,1970-01-01
https://spiritnumeral.com/meaning/angel-number/375,1970-01-01
https://spiritnumeral.com/meaning/angel-number/380,1970-01-01
https://spiritnumeral.com/meaning/angel-number/385,1970-01-01
https://spiritnumeral.com/meaning/angel-number/387,1970-01-01
https://spiritnumeral.com/meaning/angel-number/389,1970-01-01
https://spiritnumeral.com/meaning/angel-number/390,1970-01-01
https://spiritnumeral.com/meaning/angel-number/392,1970-01-01
https://spiritnumeral.com/meaning/angel-number/393,1970-01-01
https://spiritnumeral.com/meaning/angel-number/394,1970-01-01
https://spiritnumeral.com/meaning/angel-number/400,1970-01-01
https://spiritnumeral.com/meaning/angel-number/402,1970-01-01
https://spiritnumeral.com/meaning/angel-number/403,1970-01-01
https://spiritnumeral.com/meaning/angel-number/405,1970-01-01
https://spiritnumeral.com/meaning/angel-number/408,1970-01-01
https://spiritnumeral.com/meaning/angel-number/410,1970-01-01
https://spiritnumeral.com/meaning/angel-number/412,1970-01-01
https://spiritnumeral.com/meaning/angel-number/414,1970-01-01
https://spiritnumeral.com/meaning/angel-number/415,1970-01-01
https://spiritnumeral.com/meaning/angel-number/417,1970-01-01
https://spiritnumeral.com/meaning/angel-number/422,1970-01-01
https://spiritnumeral.com/meaning/angel-number/426,1970-01-01
https://spiritnumeral.com/meaning/angel-number/428,1970-01-01
https://spiritnumeral.com/meaning/angel-number/430,1970-01-01
https://spiritnumeral.com/meaning/angel-number/437,1970-01-01
https://spiritnumeral.com/meaning/angel-number/438,1970-01-01
https://spiritnumeral.com/meaning/angel-number/442,1970-01-01
https://spiritnumeral.com/meaning/angel-number/446,1970-01-01
https://spiritnumeral.com/meaning/angel-number/452,1970-01-01
https://spiritnumeral.com/meaning/angel-number/453,1970-01-01
https://spiritnumeral.com/meaning/angel-number/454,1970-01-01
https://spiritnumeral.com/meaning/angel-number/455,1970-01-01
https://spiritnumeral.com/meaning/angel-number/460,1970-01-01
https://spiritnumeral.com/meaning/angel-number/461,1970-01-01
https://spiritnumeral.com/meaning/angel-number/463,1970-01-01
https://spiritnumeral.com/meaning/angel-number/465,1970-01-01
https://spiritnumeral.com/meaning/angel-number/470,1970-01-01
https://spiritnumeral.com/meaning/angel-number/473,1970-01-01
https://spiritnumeral.com/meaning/angel-number/476,1970-01-01
https://spiritnumeral.com/meaning/angel-number/485,1970-01-01
https://spiritnumeral.com/meaning/angel-number/486,1970-01-01
https://spiritnumeral.com/meaning/angel-number/495,1970-01-01
https://spiritnumeral.com/meaning/angel-number/501,1970-01-01
https://spiritnumeral.com/meaning/angel-number/502,1970-01-01
https://spiritnumeral.com/meaning/angel-number/505,1970-01-01
https://spiritnumeral.com/meaning/angel-number/506,1970-01-01
https://spiritnumeral.com/meaning/angel-number/507,1970-01-01
https://spiritnumeral.com/meaning/angel-number/509,1970-01-01
https://spiritnumeral.com/meaning/angel-number/510,1970-01-01
https://spiritnumeral.com/meaning/angel-number/513,1970-01-01
https://spiritnumeral.com/meaning/angel-number/521,1970-01-01
https://spiritnumeral.com/meaning/angel-number/523,1970-01-01
https://spiritnumeral.com/meaning/angel-number/525,1970-01-01
https://spiritnumeral.com/meaning/angel-number/528,1970-01-01
https://spiritnumeral.com/meaning/angel-number/533,1970-01-01
https://spiritnumeral.com/meaning/angel-number/536,1970-01-01
https://spiritnumeral.com/meaning/angel-number/537,1970-01-01
https://spiritnumeral.com/meaning/angel-number/538,1970-01-01
https://spiritnumeral.com/meaning/angel-number/543,1970-01-01
https://spiritnumeral.com/meaning/angel-number/544,1970-01-01
https://spiritnumeral.com/meaning/angel-number/545,1970-01-01
https://spiritnumeral.com/meaning/angel-number/546,1970-01-01
https://spiritnumeral.com/meaning/angel-number/547,1970-01-01
https://spiritnumeral.com/meaning/angel-number/551,1970-01-01
https://spiritnumeral.com/meaning/angel-number/554,1970-01-01
https://spiritnumeral.com/meaning/angel-number/559,1970-01-01
https://spiritnumeral.com/meaning/angel-number/560,1970-01-01
https://spiritnumeral.com/meaning/angel-number/562,1970-01-01
https://spiritnumeral.com/meaning/angel-number/563,1970-01-01
https://spiritnumeral.com/meaning/angel-number/566,1970-01-01
https://spiritnumeral.com/meaning/angel-number/567,1970-01-01
https://spiritnumeral.com/meaning/angel-number/573,1970-01-01
https://spiritnumeral.com/meaning/angel-number/577,1970-01-01
https://spiritnumeral.com/meaning/angel-number/580,1970-01-01
https://spiritnumeral.com/meaning/angel-number/584,1970-01-01
https://spiritnumeral.com/meaning/angel-number/587,1970-01-01
https://spiritnumeral.com/meaning/angel-number/588,1970-01-01
https://spiritnumeral.com/meaning/angel-number/589,1970-01-01
https://spiritnumeral.com/meaning/angel-number/592,1970-01-01
https://spiritnumeral.com/meaning/angel-number/597,1970-01-01
https://spiritnumeral.com/meaning/angel-number/598,1970-01-01
https://spiritnumeral.com/meaning/angel-number/602,1970-01-01
https://spiritnumeral.com/meaning/angel-number/603,1970-01-01
https://spiritnumeral.com/meaning/angel-number/604,1970-01-01
https://spiritnumeral.com/meaning/angel-number/607,1970-01-01
https://spiritnumeral.com/meaning/angel-number/612,1970-01-01
https://spiritnumeral.com/meaning/angel-number/615,1970-01-01
https://spiritnumeral.com/meaning/angel-number/617,1970-01-01
https://spiritnumeral.com/meaning/angel-number/619,1970-01-01
https://spiritnumeral.com/meaning/angel-number/620,1970-01-01
https://spiritnumeral.com/meaning/angel-number/624,1970-01-01
https://spiritnumeral.com/meaning/angel-number/627,1970-01-01
https://spiritnumeral.com/meaning/angel-number/633,1970-01-01
https://spiritnumeral.com/meaning/angel-number/636,1970-01-01
https://spiritnumeral.com/meaning/angel-number/637,1970-01-01
https://spiritnumeral.com/meaning/angel-number/639,1970-01-01
https://spiritnumeral.com/meaning/angel-number/640,1970-01-01
https://spiritnumeral.com/meaning/angel-number/649,1970-01-01
https://spiritnumeral.com/meaning/angel-number/651,1970-01-01
https://spiritnumeral.com/meaning/angel-number/652,1970-01-01
https://spiritnumeral.com/meaning/angel-number/656,1970-01-01
https://spiritnumeral.com/meaning/angel-number/663,1970-01-01
https://spiritnumeral.com/meaning/angel-number/664,1970-01-01
https://spiritnumeral.com/meaning/angel-number/671,1970-01-01
https://spiritnumeral.com/meaning/angel-number/672,1970-01-01
https://spiritnumeral.com/meaning/angel-number/673,1970-01-01
https://spiritnumeral.com/meaning/angel-number/675,1970-01-01
https://spiritnumeral.com/meaning/angel-number/676,1970-01-01
https://spiritnumeral.com/meaning/angel-number/682,1970-01-01
https://spiritnumeral.com/meaning/angel-number/684,1970-01-01
https://spiritnumeral.com/meaning/angel-number/685,1970-01-01
https://spiritnumeral.com/meaning/angel-number/687,1970-01-01
https://spiritnumeral.com/meaning/angel-number/690,1970-01-01
https://spiritnumeral.com/meaning/angel-number/692,1970-01-01
https://spiritnumeral.com/meaning/angel-number/695,1970-01-01
https://spiritnumeral.com/meaning/angel-number/697,1970-01-01
https://spiritnumeral.com/meaning/angel-number/700,1970-01-01
https://spiritnumeral.com/meaning/angel-number/701,1970-01-01
https://spiritnumeral.com/meaning/angel-number/705,1970-01-01
https://spiritnumeral.com/meaning/angel-number/707,1970-01-01
https://spiritnumeral.com/meaning/angel-number/713,1970-01-01
https://spiritnumeral.com/meaning/angel-number/715,1970-01-01
https://spiritnumeral.com/meaning/angel-number/716,1970-01-01
https://spiritnumeral.com/meaning/angel-number/717,1970-01-01
https://spiritnumeral.com/meaning/angel-number/722,1970-01-01
https://spiritnumeral.com/meaning/angel-number/725,1970-01-01
https://spiritnumeral.com/meaning/angel-number/728,1970-01-01
https://spiritnumeral.com/meaning/angel-number/730,1970-01-01
https://spiritnumeral.com/meaning/angel-number/733,1970-01-01
https://spiritnumeral.com/meaning/angel-number/736,1970-01-01
https://spiritnumeral.com/meaning/angel-number/739,1970-01-01
https://spiritnumeral.com/meaning/angel-number/743,1970-01-01
https://spiritnumeral.com/meaning/angel-number/746,1970-01-01
https://spiritnumeral.com/meaning/angel-number/752,1970-01-01
https://spiritnumeral.com/meaning/angel-number/754,1970-01-01
https://spiritnumeral.com/meaning/angel-number/756,1970-01-01
https://spiritnumeral.com/meaning/angel-number/757,1970-01-01
https://spiritnumeral.com/meaning/angel-number/760,1970-01-01
https://spiritnumeral.com/meaning/angel-number/761,1970-01-01
https://spiritnumeral.com/meaning/angel-number/765,1970-01-01
https://spiritnumeral.com/meaning/angel-number/766,1970-01-01
https://spiritnumeral.com/meaning/angel-number/771,1970-01-01
https://spiritnumeral.com/meaning/angel-number/772,1970-01-01
https://spiritnumeral.com/meaning/angel-number/775,1970-01-01
https://spiritnumeral.com/meaning/angel-number/778,1970-01-01
https://spiritnumeral.com/meaning/angel-number/782,1970-01-01
https://spiritnumeral.com/meaning/angel-number/786,1970-01-01
https://spiritnumeral.com/meaning/angel-number/789,1970-01-01
https://spiritnumeral.com/meaning/angel-number/796,1970-01-01
https://spiritnumeral.com/meaning/angel-number/799,1970-01-01
https://spiritnumeral.com/meaning/angel-number/800,1970-01-01
https://spiritnumeral.com/meaning/angel-number/803,1970-01-01
https://spiritnumeral.com/meaning/angel-number/809,1970-01-01
https://spiritnumeral.com/meaning/angel-number/811,1970-01-01
https://spiritnumeral.com/meaning/angel-number/813,1970-01-01
https://spiritnumeral.com/meaning/angel-number/814,1970-01-01
https://spiritnumeral.com/meaning/angel-number/815,1970-01-01
https://spiritnumeral.com/meaning/angel-number/817,1970-01-01
https://spiritnumeral.com/meaning/angel-number/820,1970-01-01
https://spiritnumeral.com/meaning/angel-number/822,1970-01-01
https://spiritnumeral.com/meaning/angel-number/823,1970-01-01
https://spiritnumeral.com/meaning/angel-number/824,1970-01-01
https://spiritnumeral.com/meaning/angel-number/825,1970-01-01
https://spiritnumeral.com/meaning/angel-number/828,1970-01-01
https://spiritnumeral.com/meaning/angel-number/829,1970-01-01
https://spiritnumeral.com/meaning/angel-number/830,1970-01-01
https://spiritnumeral.com/meaning/angel-number/831,1970-01-01
https://spiritnumeral.com/meaning/angel-number/832,1970-01-01
https://spiritnumeral.com/meaning/angel-number/833,1970-01-01
https://spiritnumeral.com/meaning/angel-number/834,1970-01-01
https://spiritnumeral.com/meaning/angel-number/836,1970-01-01
https://spiritnumeral.com/meaning/angel-number/838,1970-01-01
https://spiritnumeral.com/meaning/angel-number/842,1970-01-01
https://spiritnumeral.com/meaning/angel-number/850,1970-01-01
https://spiritnumeral.com/meaning/angel-number/853,1970-01-01
https://spiritnumeral.com/meaning/angel-number/854,1970-01-01
https://spiritnumeral.com/meaning/angel-number/856,1970-01-01
https://spiritnumeral.com/meaning/angel-number/859,1970-01-01
https://spiritnumeral.com/meaning/angel-number/860,1970-01-01
https://spiritnumeral.com/meaning/angel-number/861,1970-01-01
https://spiritnumeral.com/meaning/angel-number/864,1970-01-01
https://spiritnumeral.com/meaning/angel-number/865,1970-01-01
https://spiritnumeral.com/meaning/angel-number/866,1970-01-01
https://spiritnumeral.com/meaning/angel-number/873,1970-01-01
https://spiritnumeral.com/meaning/angel-number/878,1970-01-01
https://spiritnumeral.com/meaning/angel-number/880,1970-01-01
https://spiritnumeral.com/meaning/angel-number/884,1970-01-01
https://spiritnumeral.com/meaning/angel-number/885,1970-01-01
https://spiritnumeral.com/meaning/angel-number/891,1970-01-01
https://spiritnumeral.com/meaning/angel-number/895,1970-01-01
https://spiritnumeral.com/meaning/angel-number/897,1970-01-01
https://spiritnumeral.com/meaning/angel-number/898,1970-01-01
https://spiritnumeral.com/meaning/angel-number/901,1970-01-01
https://spiritnumeral.com/meaning/angel-number/902,1970-01-01
https://spiritnumeral.com/meaning/angel-number/903,1970-01-01
https://spiritnumeral.com/meaning/angel-number/907,1970-01-01
https://spiritnumeral.com/meaning/angel-number/908,1970-01-01
https://spiritnumeral.com/meaning/angel-number/909,1970-01-01
https://spiritnumeral.com/meaning/angel-number/911,1970-01-01
https://spiritnumeral.com/meaning/angel-number/912,1970-01-01
https://spiritnumeral.com/meaning/angel-number/913,1970-01-01
https://spiritnumeral.com/meaning/angel-number/920,1970-01-01
https://spiritnumeral.com/meaning/angel-number/924,1970-01-01
https://spiritnumeral.com/meaning/angel-number/926,1970-01-01
https://spiritnumeral.com/meaning/angel-number/927,1970-01-01
https://spiritnumeral.com/meaning/angel-number/928,1970-01-01
https://spiritnumeral.com/meaning/angel-number/932,1970-01-01
https://spiritnumeral.com/meaning/angel-number/936,1970-01-01
https://spiritnumeral.com/meaning/angel-number/939,1970-01-01
https://spiritnumeral.com/meaning/angel-number/940,1970-01-01
https://spiritnumeral.com/meaning/angel-number/942,1970-01-01
https://spiritnumeral.com/meaning/angel-number/943,1970-01-01
https://spiritnumeral.com/meaning/angel-number/944,1970-01-01
https://spiritnumeral.com/meaning/angel-number/945,1970-01-01
https://spiritnumeral.com/meaning/angel-number/952,1970-01-01
https://spiritnumeral.com/meaning/angel-number/956,1970-01-01
https://spiritnumeral.com/meaning/angel-number/957,1970-01-01
https://spiritnumeral.com/meaning/angel-number/961,1970-01-01
https://spiritnumeral.com/meaning/angel-number/963,1970-01-01
https://spiritnumeral.com/meaning/angel-number/964,1970-01-01
https://spiritnumeral.com/meaning/angel-number/966,1970-01-01
https://spiritnumeral.com/meaning/angel-number/969,1970-01-01
https://spiritnumeral.com/meaning/angel-number/970,1970-01-01
https://spiritnumeral.com/meaning/angel-number/971,1970-01-01
https://spiritnumeral.com/meaning/angel-number/973,1970-01-01
https://spiritnumeral.com/meaning/angel-number/974,1970-01-01
https://spiritnumeral.com/meaning/angel-number/975,1970-01-01
https://spiritnumeral.com/meaning/angel-number/978,1970-01-01
https://spiritnumeral.com/meaning/angel-number/979,1970-01-01
https://spiritnumeral.com/meaning/angel-number/980,1970-01-01
https://spiritnumeral.com/meaning/angel-number/984,1970-01-01
https://spiritnumeral.com/meaning/angel-number/986,1970-01-01
https://spiritnumeral.com/meaning/angel-number/990,1970-01-01
https://spiritnumeral.com/meaning/angel-number/992,1970-01-01
https://spiritnumeral.com/meaning/angel-number/993,1970-01-01
https://spiritnumeral.com/meaning/angel-number/994,1970-01-01
https://spiritnumeral.com/meaning/angel-number/995,1970-01-01
https://spiritnumeral.com/meaning/angel-number/996,1970-01-01
https://spiritnumeral.com/meaning/angel-number/999,1970-01-01
https://spiritnumeral.com/why-am-i-seeing/111,1970-01-01
https://spiritnumeral.com/why-am-i-seeing/113,1970-01-01
https://spiritnumeral.com/why-am-i-seeing/115,1970-01-01
https://spiritnumeral.com/why-am-i-seeing/116,1970-01-01
https://spiritnumeral.com/why-am-i-seeing/142,1970-01-01
https://spiritnumeral.com/why-am-i-seeing/145,1970-01-01
https://spiritnumeral.com/why-am-i-seeing/146,1970-01-01
https://spiritnumeral.com/why-am-i-seeing/153,1970-01-01
https://spiritnumeral.com/why-am-i-seeing/155,1970-01-01
https://spiritnumeral.com/why-am-i-seeing/156,1970-01-01
https://spiritnumeral.com/why-am-i-seeing/163,1970-01-01
https://spiritnumeral.com/why-am-i-seeing/166,1970-01-01
https://spiritnumeral.com/why-am-i-seeing/167,1970-01-01
https://spiritnumeral.com/why-am-i-seeing/171,1970-01-01
https://spiritnumeral.com/why-am-i-seeing/173,1970-01-01
https://spiritnumeral.com/why-am-i-seeing/175,1970-01-01
https://spiritnumeral.com/why-am-i-seeing/176,1970-01-01
https://spiritnumeral.com/why-am-i-seeing/181,1970-01-01
https://spiritnumeral.com/why-am-i-seeing/199,1970-01-01
https://spiritnumeral.com/why-am-i-seeing/206,1970-01-01
https://spiritnumeral.com/why-am-i-seeing/208,1970-01-01
https://spiritnumeral.com/why-am-i-seeing/215,1970-01-01
https://spiritnumeral.com/why-am-i-seeing/216,1970-01-01
https://spiritnumeral.com/why-am-i-seeing/217,1970-01-01
https://spiritnumeral.com/why-am-i-seeing/218,1970-01-01
https://spiritnumeral.com/why-am-i-seeing/222,1970-01-01
https://spiritnumeral.com/why-am-i-seeing/225,1970-01-01
https://spiritnumeral.com/why-am-i-seeing/227,1970-01-01
https://spiritnumeral.com/why-am-i-seeing/232,1970-01-01
https://spiritnumeral.com/why-am-i-seeing/234,1970-01-01
https://spiritnumeral.com/why-am-i-seeing/237,1970-01-01
https://spiritnumeral.com/why-am-i-seeing/242,1970-01-01
https://spiritnumeral.com/why-am-i-seeing/248,1970-01-01
https://spiritnumeral.com/why-am-i-seeing/250,1970-01-01
https://spiritnumeral.com/why-am-i-seeing/251,1970-01-01
https://spiritnumeral.com/why-am-i-seeing/252,1970-01-01
https://spiritnumeral.com/why-am-i-seeing/253,1970-01-01
https://spiritnumeral.com/why-am-i-seeing/256,1970-01-01
https://spiritnumeral.com/why-am-i-seeing/260,1970-01-01
https://spiritnumeral.com/why-am-i-seeing/265,1970-01-01
https://spiritnumeral.com/why-am-i-seeing/269,1970-01-01
https://spiritnumeral.com/why-am-i-seeing/270,1970-01-01
https://spiritnumeral.com/why-am-i-seeing/272,1970-01-01
https://spiritnumeral.com/why-am-i-seeing/276,1970-01-01
https://spiritnumeral.com/why-am-i-seeing/285,1970-01-01
https://spiritnumeral.com/why-am-i-seeing/286,1970-01-01
https://spiritnumeral.com/why-am-i-seeing/298,1970-01-01
https://spiritnumeral.com/why-am-i-seeing/306,1970-01-01
https://spiritnumeral.com/why-am-i-seeing/307,1970-01-01
https://spiritnumeral.com/why-am-i-seeing/312,1970-01-01
https://spiritnumeral.com/why-am-i-seeing/313,1970-01-01
https://spiritnumeral.com/why-am-i-seeing/315,1970-01-01
https://spiritnumeral.com/why-am-i-seeing/324,1970-01-01
https://spiritnumeral.com/why-am-i-seeing/325,1970-01-01
https://spiritnumeral.com/why-am-i-seeing/335,1970-01-01
https://spiritnumeral.com/why-am-i-seeing/341,1970-01-01
https://spiritnumeral.com/why-am-i-seeing/361,1970-01-01
https://spiritnumeral.com/why-am-i-seeing/370,1970-01-01
https://spiritnumeral.com/why-am-i-seeing/380,1970-01-01
https://spiritnumeral.com/why-am-i-seeing/383,1970-01-01
https://spiritnumeral.com/why-am-i-seeing/384,1970-01-01
https://spiritnumeral.com/why-am-i-seeing/392,1970-01-01
https://spiritnumeral.com/why-am-i-seeing/393,1970-01-01
https://spiritnumeral.com/why-am-i-seeing/398,1970-01-01
https://spiritnumeral.com/why-am-i-seeing/400,1970-01-01
https://spiritnumeral.com/why-am-i-seeing/401,1970-01-01
https://spiritnumeral.com/why-am-i-seeing/404,1970-01-01
https://spiritnumeral.com/why-am-i-seeing/405,1970-01-01
https://spiritnumeral.com/why-am-i-seeing/406,1970-01-01
https://spiritnumeral.com/why-am-i-seeing/408,1970-01-01
https://spiritnumeral.com/why-am-i-seeing/409,1970-01-01
https://spiritnumeral.com/why-am-i-seeing/412,1970-01-01
https://spiritnumeral.com/why-am-i-seeing/415,1970-01-01
https://spiritnumeral.com/why-am-i-seeing/417,1970-01-01
https://spiritnumeral.com/why-am-i-seeing/419,1970-01-01
https://spiritnumeral.com/why-am-i-seeing/425,1970-01-01
https://spiritnumeral.com/why-am-i-seeing/429,1970-01-01
https://spiritnumeral.com/why-am-i-seeing/433,1970-01-01
https://spiritnumeral.com/why-am-i-seeing/441,1970-01-01
https://spiritnumeral.com/why-am-i-seeing/445,1970-01-01
https://spiritnumeral.com/why-am-i-seeing/452,1970-01-01
https://spiritnumeral.com/why-am-i-seeing/463,1970-01-01
https://spiritnumeral.com/why-am-i-seeing/464,1970-01-01
https://spiritnumeral.com/why-am-i-seeing/465,1970-01-01
https://spiritnumeral.com/why-am-i-seeing/466,1970-01-01
https://spiritnumeral.com/why-am-i-seeing/469,1970-01-01
https://spiritnumeral.com/why-am-i-seeing/481,1970-01-01
https://spiritnumeral.com/why-am-i-seeing/483,1970-01-01
https://spiritnumeral.com/why-am-i-seeing/484,1970-01-01
https://spiritnumeral.com/why-am-i-seeing/489,1970-01-01
https://spiritnumeral.com/why-am-i-seeing/492,1970-01-01
https://spiritnumeral.com/why-am-i-seeing/494,1970-01-01
https://spiritnumeral.com/why-am-i-seeing/496,1970-01-01
https://spiritnumeral.com/why-am-i-seeing/502,1970-01-01
https://spiritnumeral.com/why-am-i-seeing/504,1970-01-01
https://spiritnumeral.com/why-am-i-seeing/505,1970-01-01
https://spiritnumeral.com/why-am-i-seeing/506,1970-01-01
https://spiritnumeral.com/why-am-i-seeing/512,1970-01-01
https://spiritnumeral.com/why-am-i-seeing/514,1970-01-01
https://spiritnumeral.com/why-am-i-seeing/521,1970-01-01
https://spiritnumeral.com/why-am-i-seeing/522,1970-01-01
https://spiritnumeral.com/why-am-i-seeing/523,1970-01-01
https://spiritnumeral.com/why-am-i-seeing/524,1970-01-01
https://spiritnumeral.com/why-am-i-seeing/525,1970-01-01
https://spiritnumeral.com/why-am-i-seeing/527,1970-01-01
https://spiritnumeral.com/why-am-i-seeing/532,1970-01-01
https://spiritnumeral.com/why-am-i-seeing/536,1970-01-01
https://spiritnumeral.com/why-am-i-seeing/539,1970-01-01
https://spiritnumeral.com/why-am-i-seeing/542,1970-01-01
https://spiritnumeral.com/why-am-i-seeing/544,1970-01-01
https://spiritnumeral.com/why-am-i-seeing/551,1970-01-01
https://spiritnumeral.com/why-am-i-seeing/568,1970-01-01
https://spiritnumeral.com/why-am-i-seeing/573,1970-01-01
https://spiritnumeral.com/why-am-i-seeing/574,1970-01-01
https://spiritnumeral.com/why-am-i-seeing/584,1970-01-01
https://spiritnumeral.com/why-am-i-seeing/586,1970-01-01
https://spiritnumeral.com/why-am-i-seeing/587,1970-01-01
https://spiritnumeral.com/why-am-i-seeing/589,1970-01-01
https://spiritnumeral.com/why-am-i-seeing/591,1970-01-01
https://spiritnumeral.com/why-am-i-seeing/593,1970-01-01
https://spiritnumeral.com/why-am-i-seeing/594,1970-01-01
https://spiritnumeral.com/why-am-i-seeing/600,1970-01-01
https://spiritnumeral.com/why-am-i-seeing/601,1970-01-01
https://spiritnumeral.com/why-am-i-seeing/604,1970-01-01
https://spiritnumeral.com/why-am-i-seeing/605,1970-01-01
https://spiritnumeral.com/why-am-i-seeing/618,1970-01-01
https://spiritnumeral.com/why-am-i-seeing/627,1970-01-01
https://spiritnumeral.com/why-am-i-seeing/631,1970-01-01
https://spiritnumeral.com/why-am-i-seeing/632,1970-01-01
https://spiritnumeral.com/why-am-i-seeing/634,1970-01-01
https://spiritnumeral.com/why-am-i-seeing/645,1970-01-01
https://spiritnumeral.com/why-am-i-seeing/651,1970-01-01
https://spiritnumeral.com/why-am-i-seeing/653,1970-01-01
https://spiritnumeral.com/why-am-i-seeing/655,1970-01-01
https://spiritnumeral.com/why-am-i-seeing/657,1970-01-01
https://spiritnumeral.com/why-am-i-seeing/659,1970-01-01
https://spiritnumeral.com/why-am-i-seeing/660,1970-01-01
https://spiritnumeral.com/why-am-i-seeing/664,1970-01-01
https://spiritnumeral.com/why-am-i-seeing/667,1970-01-01
https://spiritnumeral.com/why-am-i-seeing/671,1970-01-01
https://spiritnumeral.com/why-am-i-seeing/682,1970-01-01
https://spiritnumeral.com/why-am-i-seeing/683,1970-01-01
https://spiritnumeral.com/why-am-i-seeing/684,1970-01-01
https://spiritnumeral.com/why-am-i-seeing/685,1970-01-01
https://spiritnumeral.com/why-am-i-seeing/689,1970-01-01
https://spiritnumeral.com/why-am-i-seeing/695,1970-01-01
https://spiritnumeral.com/why-am-i-seeing/698,1970-01-01
https://spiritnumeral.com/why-am-i-seeing/706,1970-01-01
https://spiritnumeral.com/why-am-i-seeing/708,1970-01-01
https://spiritnumeral.com/why-am-i-seeing/712,1970-01-01
https://spiritnumeral.com/why-am-i-seeing/713,1970-01-01
https://spiritnumeral.com/why-am-i-seeing/716,1970-01-01
https://spiritnumeral.com/why-am-i-seeing/718,1970-01-01
https://spiritnumeral.com/why-am-i-seeing/719,1970-01-01
https://spiritnumeral.com/why-am-i-seeing/726,1970-01-01
https://spiritnumeral.com/why-am-i-seeing/728,1970-01-01
https://spiritnumeral.com/why-am-i-seeing/731,1970-01-01
https://spiritnumeral.com/why-am-i-seeing/735,1970-01-01
https://spiritnumeral.com/why-am-i-seeing/739,1970-01-01
https://spiritnumeral.com/why-am-i-seeing/742,1970-01-01
https://spiritnumeral.com/why-am-i-seeing/743,1970-01-01
https://spiritnumeral.com/why-am-i-seeing/747,1970-01-01
https://spiritnumeral.com/why-am-i-seeing/750,1970-01-01
https://spiritnumeral.com/why-am-i-seeing/751,1970-01-01
https://spiritnumeral.com/why-am-i-seeing/752,1970-01-01
https://spiritnumeral.com/why-am-i-seeing/760,1970-01-01
https://spiritnumeral.com/why-am-i-seeing/765,1970-01-01
https://spiritnumeral.com/why-am-i-seeing/771,1970-01-01
https://spiritnumeral.com/why-am-i-seeing/779,1970-01-01
https://spiritnumeral.com/why-am-i-seeing/780,1970-01-01
https://spiritnumeral.com/why-am-i-seeing/784,1970-01-01
https://spiritnumeral.com/why-am-i-seeing/786,1970-01-01
https://spiritnumeral.com/why-am-i-seeing/795,1970-01-01
https://spiritnumeral.com/why-am-i-seeing/800,1970-01-01
https://spiritnumeral.com/why-am-i-seeing/802,1970-01-01
https://spiritnumeral.com/why-am-i-seeing/803,1970-01-01
https://spiritnumeral.com/why-am-i-seeing/805,1970-01-01
https://spiritnumeral.com/why-am-i-seeing/806,1970-01-01
https://spiritnumeral.com/why-am-i-seeing/818,1970-01-01
https://spiritnumeral.com/why-am-i-seeing/826,1970-01-01
https://spiritnumeral.com/why-am-i-seeing/827,1970-01-01
https://spiritnumeral.com/why-am-i-seeing/829,1970-01-01
https://spiritnumeral.com/why-am-i-seeing/832,1970-01-01
https://spiritnumeral.com/why-am-i-seeing/837,1970-01-01
https://spiritnumeral.com/why-am-i-seeing/845,1970-01-01
https://spiritnumeral.com/why-am-i-seeing/854,1970-01-01
https://spiritnumeral.com/why-am-i-seeing/862,1970-01-01
https://spiritnumeral.com/why-am-i-seeing/864,1970-01-01
https://spiritnumeral.com/why-am-i-seeing/865,1970-01-01
https://spiritnumeral.com/why-am-i-seeing/867,1970-01-01
https://spiritnumeral.com/why-am-i-seeing/869,1970-01-01
https://spiritnumeral.com/why-am-i-seeing/874,1970-01-01
https://spiritnumeral.com/why-am-i-seeing/889,1970-01-01
https://spiritnumeral.com/why-am-i-seeing/891,1970-01-01
https://spiritnumeral.com/why-am-i-seeing/895,1970-01-01
https://spiritnumeral.com/why-am-i-seeing/897,1970-01-01
https://spiritnumeral.com/why-am-i-seeing/908,1970-01-01
https://spiritnumeral.com/why-am-i-seeing/912,1970-01-01
https://spiritnumeral.com/why-am-i-seeing/915,1970-01-01
https://spiritnumeral.com/why-am-i-seeing/918,1970-01-01
https://spiritnumeral.com/why-am-i-seeing/919,1970-01-01
https://spiritnumeral.com/why-am-i-seeing/920,1970-01-01
https://spiritnumeral.com/why-am-i-seeing/921,1970-01-01
https://spiritnumeral.com/why-am-i-seeing/923,1970-01-01
https://spiritnumeral.com/why-am-i-seeing/925,1970-01-01
https://spiritnumeral.com/why-am-i-seeing/935,1970-01-01
https://spiritnumeral.com/why-am-i-seeing/945,1970-01-01
https://spiritnumeral.com/why-am-i-seeing/946,1970-01-01
https://spiritnumeral.com/why-am-i-seeing/947,1970-01-01
https://spiritnumeral.com/why-am-i-seeing/949,1970-01-01
https://spiritnumeral.com/why-am-i-seeing/950,1970-01-01
https://spiritnumeral.com/why-am-i-seeing/956,1970-01-01
https://spiritnumeral.com/why-am-i-seeing/957,1970-01-01
https://spiritnumeral.com/why-am-i-seeing/961,1970-01-01
https://spiritnumeral.com/why-am-i-seeing/963,1970-01-01
https://spiritnumeral.com/why-am-i-seeing/965,1970-01-01
https://spiritnumeral.com/why-am-i-seeing/967,1970-01-01
https://spiritnumeral.com/why-am-i-seeing/975,1970-01-01
https://spiritnumeral.com/why-am-i-seeing/977,1970-01-01
https://spiritnumeral.com/why-am-i-seeing/981,1970-01-01
https://spiritnumeral.com/why-am-i-seeing/993,1970-01-01